luigart : Tobias Luigart
reuber : Dirk Huperz-Reuber
stahlhut : Alex Stahlhut
columbia : Arnold Columbia
rozario : Warren Rozario
berny : Jacques Berny Team GTR3-Fr
veillon : Frederic Veillon
werlberger : Andreas Werlberger
menzel : Jörg Menzel
ullrich : Tim Ullrich
schmitt : Magnus Schmitt
engler : Bernd Engler
langenhan : Peter Langenhan
ruwisch : Nils Ruwisch
buhl : Steffen Buhl
panek : Mateusz Panek
vobis : Heinz-Peter Vobis
rene : Rene Drawert
available : Not Available
günther : Sascha Günther
richard : Gutteling Richard
gerke : Robert Gerke
walser : Walser Michael
holzi : Roman Holzi
liongivré : Liongivré Team_GTR3-Fr
legende : Rene Legende Team GTR3-Fr
schümmer : Marcel Schümmer
otto : Lars Otto
oliver : Sven Oliver IMP
brosch : Christian Brosch
knoop : Tobias Knoop
brese : Michael Brese
schlüter : Sven Schlüter
bock : Frank Bock
mitos : Mitos MST
pudlich : Tobias Pudlich
ohliger : Max Ohliger
dembski : Stefan Dembski
sundermann : Sirko Sundermann
braun : Charly Braun
steenkamp : Danie Steenkamp
mächler : Hans-Jörg Mächler
drees : Pascal Drees
stork : Rainer Stork
mortsie : [FHP] Mortsie
mr mac : GTRP_MrMac
stevo : Majstor_Stevo
mitch : XR Mitch9003
timo : timo199_
dominoeffeckt : dominoeffeckt
rio : riowac85
tiberius : Tiberius_85
gernot : [TRM] Gernot B.
marco : XR Maggo
tommy : XR TommyKaira88
ockerocker : ockerocker
bayer : GTRP_newbayer07
lustig : p_lustig
floppy : Floppyh
tscholli : Tscholli83
jemec : Jens Wolf
jemec : mjemec1990
momo : fc_momo91
pabst : Frank Pabst
rindt : j_rindt
big g : XRC inthebagbud
skid meister : Skidmeister
jenzone : jenzone
atze : [TGR] AtzeBK
hajora : GTRP_Hajora
gsi : gsi_er
freestyler : XR Freestyler
fity : fity80
zefix : [TRM] Zefix
mcqueen : GTRP_McQueen
cycas : GTRP_cycas
plautze : killaHhh_plauzEe
swensson : Arne Swensson
brandyandy : BrandyAndy
hotrob : HotRob
guenni : guenni_d
stexko : Stexko
livewire : [CAV]LiveWire11c
maximus : [CAV]Maximus Decimus Meridius
veevee : Veevee
rhime : Rhime
janosch : janosch77
welder : Dan Welder
ryder : MaskdRyder73
drifter : Drifter
jensen : jensen3112
robin : sz-racer
krater : Krater301
gijon13 : Gijon13
uncle happy : Sir Onkl Happy
tropic : TropicOne
scud : DarthScud
slade : Slade1977
kless : Peter Kless
popo : Popo
van boven : Gerrie van Boven
slamdunkking : SlamDunkKing
flens : Flens07
happy : happy69
mcbrian : mcbrian78
para : Paranovski
svenson : Svenson_MM
fabsen : fabsen-
sinafasul : Sinafasul
almkicker : almkicker
fox : fox-R1
neo : NeoDelany6562
stormrider : Stormrider21
maik : MagicMaik
nenak : nenak77
mayländer : Bernd_Maylander
paula : PFC-Paula1969
jake : der_Jake
heizer : FJ Heizer
mika : Mikka05
podimix : Podimix
termi : Termi
muffin : muffin3656
karol : itsKaroLA
sonic : Tomile2708
etzler : etzler
bluesbrother : bluesbrother58
brain : brain1974
buddha : belzebuddha
asiandoll : AsianDoll16
boerger : Nikoboerger
holiday : BobHoliday
lemmi : GER_Lemmi
thom : RacerThom
frilli : GT-frilli
don : Don_TKA
thomas : xX19Thomas75Xx
bog : bog187
versace : VERSACE1337
seeage : King-SeeAge
tjm : T-J-M--14
stony : Stony8684
err : Marcus Err
nevil : Nevil
arwnk : Arwnk
reiskocher : EckisReiskocher
dani : GTRP_dani
emmy : GTRP_EmmyE46
fox power : GTRP_FoxPower88
gm : GTRP_gm6875
mustang : GTRP_MustangV8
polini : GTRP_polini-911
spanni : GTRP_Spanni
spinna : GTRP_Spinna
timpa : GTRP_Timpa
tool time : GTRP_Tool-time
wardor : GTRP_Wardor
xsala : GTRP_Xsala
katanar : KatanaRRR
lizard : Lizard77
mihonell : Mihonell
roffati : ROFFATI
muanle : SOH_muanle
pyloni : ToniPyloni
thunder : TropicalThunder1
drifter : Drifter190D
brecher : GTRP_Brecher
hissy : MrHissy
venker : Tim Venker
cellobello : [TYR] cellobello
ralle : rallebmw
hypnotoad : Hypnotoad
ano : Di Popi Ano
duck : [ICD]RubberDuck
wulfgar : [ICD]Wulfgar
genius : CcG|Genius
strike : CcG|Strike twitch.tv/strike0038
derwelsch : derwelsch
rowdog : Rowdog76
oddl : ODDL23
frank : frank-kwk
matze : Matze2283
silber : Toto_Silber
michael : Michael L.
stede : Stede
kremer : Karsten Kremer
frankonia : FreeFrankonia
beyer : [TKF] Beyer
panther : Panther7105
jogger : Porschejogger
ray : TommyRay
mclaren : mclaren445
rothstein : Marcel_Rothstein
brausepaul : brausepaul313
spawn : cologne-spawn
sandman : The-Sandman
queso : Chips N Queso
hef : HEF51
raven : Raven403
juice : BeetesJuice
rx : RxHevnTT
geek : geek
jesup : ole jesup
pest : Pest C0ntrol
regrets : NoRegrets702
johnson : AndrewJohnson17
abe : AbeWoz
mohawk : MohawkMan94
knukken : knukken
trooper : Storm trooper
demon : GR4DEMON
johnschoonsbeard : JohnSchoonsBeard
pawlaczek : Radek Pawlaczek
brailsford : Jim Brailsford
lagstrum : Bailey Lagstrum
pezby : Pezby
endersai : Endersai
blackmist : Blackmyst
mcshort : cloudmcshort
fabiceman : fab.ICEMAN
mitchiskey : Michiski22
madder rose : madderose
oh darn : Oh Darn
benimi : benimi
kaleeb : Kaleeb42
ovivo junior : OvivoJR
zetmir : Zetmir
blade cruiser : BladeCruiser
tony borbony : Tonyborbony
arkn : Arkn
jeffrey schumi : jeffreyschumi
red tiger : R3d_T1G3R
sugar free nos : Sugar Free Nos
pfalzdriver : Micha Pfalzdriver
scholz : Nino Scholz
shino : Nebula|Shino
ryox : Nebula|Ryox
leiter : Leiter f�r Kundenzufriedenheit
pan : paN
lynx : Lynx
reynders : Sascha Reynders
seb : P1CE Seb93
mark : [SQ.R.T] MarcZX9R
joris : [SQ.R.T]_JoRiS023_BE
ducduc : [SQ.R.T]_DucDuc_VR46
kookran : KooKran
su7 : [PBR]*Su7*
wallstark : Wallstark
sypher : [SQ.R.T]_SyPH3R_FR
razorback : [SQ.R.T]_R4zORB4cK_FR
max : [SQ.R.T]_Max1000p_FR
kamikaze : [SQ.R.T]_KamiKz_FR
kouri : SQ.R.T]_KouRi_FR
baloo : [PBR] Baloo
fraggy : [SQ.R.T]_FRaGGY_FR
bendack : [TX3] Bendack-Fr
racer : TX3-Racer
seb : [NRT]seb7025
lafaille : [B4R].LAFAILLE77
dede : [B4R]Dede-Be
spitfire : [AMG] SpitFire
kleryon : [AMG] Kleryon
tom : [AMG] Tom
lulured : [TX3]lulured
bubu : [TX3]BUBU
kendal : [SQ.R.T]_KeNDal_FR
mike : [NRT] mike94700
lowimpact : 3ART Lowimpact
chris villars : Chris Villars
doppel : [E.S.R]_Doppel#217
hawk : [E.S.R] Hawk
strems : [E.S.R]_Str3ms#22
riddick : [NRT] Riddick63160
enrico : [VDM] Enrico62
fabio : TX3 Fabio
motorsport : [RF] MotorSport
cox : [S.Q.R.T]CoX63_FR
umut : [SQ.R.T]_UmUTUsu_TR
chuck : [SQ.R.T]_Chuck_FR
kobe : [E.S.R] Kobe_2605
nutsmammot : NutsMammoth
iceman : iceman17
di rossi : [GM] mike_di_rossi
tonton juju : [AMG] Tonton Juju
sgoom : [NRT] Sgoom
vince : [SQ.R.T]_ViNCE_FR
skull : [S.Q.RT]_SKuLL_BE
ichabod : [NRT] Ichabod
discretos : discretos37
nico : P1CE Nico
incognito : INCOGNITO72
menger : Benjamin Menger
elite killa : elitekilla29
esiotrot : esiotrot
ich : ICH-Motorsport
heathen pride : HeathenPride
alegunner : alegunner68
storm trooper : Storm--Trooper-
priesty : Priesty_lfc
chimp choker : ned_chimp_choker
spooky wooky : sp00ky-w00ky-
weal : weal77
shin roh : Shin_Roh
admoo : admoo
allstyles : allstyles
danrc : danrc2010
driver : No1Driv3r_
football : Football67611
cbc : cbcvabch
captaindash : CaptainDash
ace killer : acekiller15
mansell : HammyMansell1980
yeldz : Yeldz
zakspeed : Zakspeed_TV
sad shooter : xI_SaDShooTeRx
diogo : DIOGOPINTO121
demon : gr4demon
ambitious : The__Ambitious
nicky b : Nicky_B_mc
weisda : weisda3
carnby : Carnby7
oslimas : OsLimas
nosoks : nosoks
weslev : Weslev007
bonio : Bonio71
xku : xkubunt
david b : davidb_165
yamamoto : Yamamoto-
markeeez : Markeeez18
matty : matty234
slr : slr5000912
rev head : revhead_1000
bloody boy blue : bloodyboyblue
buy bon : buybon355
helicon : helicon2
dinity : dinityfor6
jorrit : Jorrit82
skater : FRS_SK8R
the big ragoo : thebigRAGOO_14
lightweight : lightweight1980
platano : PLATANO646
whaleboy : Whaleboy
majortraumer : Majortrauma999
randy pirate : IRandyPirate
jallmari : Jallmari
dongel : Dongel
brit : GTP_Brit999
cantona : GTP_Cantona
rad : RADxUK
wispo : thewispo
skaankypuppy : SkaankyPuppy
rizla : RizlaTML
skyjuice : skyyjuice
yido : yido
vic : VicrsVF1
tobias : tobiasols
brando : brandoluckybeatz
diesel : diesel4x497
chilybee : chilybee
racing at home : RacingAtHome
seesicksteve : SeeSickSteve
sharky : FC_SHARKY
andro : AndroR35
gareth winst : garethwinst1978
tdz : TDZ-4-12-14-88
copes : copes24
anfd : ANFD
dee : dee54
i was ere : i-was-ere
smiler : SmilerFTM
donpawley : donpawley
mick and tony : micantony
chin : chin2112
grizzle : Ajgrizzle
fish : GTP_Ph1sh
uniden : Uniden347
schmiggz : Schmiggz
ejiff emro : Ejiff_Emro
howellsey : GTP_Howellsey
potatoe : potatoe506
ozabroad : ozabroad
sniper : sn1p3r3lite1
tommy : a2tommy1881
ellis : gtaellis
olly : OllyP90
polarbear : POLARBEARpl
giant slayer : Giant slayer_48
erti : Erti147
zip : zip.plummer
bandit : Erti147 Chaozbandit
duchi : SVK_Duchi
f1 racer : F1 racer
gianetta : DANGEROUS GIANETTA
beppo : Der Beppo
gibbs : Gxbbs
warntyre : warntyre
billzkid : billzkid
hideaki : Hideaki
kubbak : kubbak
hagar : hagar147
estebano : estebano
soderholm : Soderholm
mulleyg : Mulleyg
sopwith : Hamish Sopwith
raigore : Raigore
martinb : Martinb65
party : Partyfuchs
phil : Phil
rodro : RodroX
ramdrop : ramdrop
yuriznikov : Yuriznikov
eagle : eagle2339
dozerkitty : [BSR]DozerKitty
kubica : NRL | Kubica
tradeaux : Tradeaux
jay : Jay
bywater : Neil Bywater
ranger : Ranger
thurlow : Jayden Thurlow
canisbe : Canisbe
browneski : Browneskiii
tipple : Tipple
centro : centro
andrex : AndrexUK
pedro : PedroRC 99
aj : AJ
viceguy : Viceguy
bluerat : Bluerat
tonyr : TonyR
masa : SDL Masa
jellyfish : Jellyfish
noz : The Wizard Of Noz
silverarrow : SilverArrow3
ycoms : Ycoms
papand : Papand
nesterowicz : 5Aces.Nesterowicz
mazy : Mazy CZ
khaki : BAM khaki
dyndas : BAM DyndaS
miniblack : Miniblack
today : t0day
puffpirate : Puffpirat
van der bent : Martin van der Bent
karotten : Karottenrudi
dodo : dodo
yoohan : Yoohan
schumacher : Lukas Schumacher
michal : Michal7M
skanda five : Skanda-Five
lionscage : lillionscage
bisto : DaveBisto
juvenile : Djuvinile
cm : CMcH_15
doherty : mdoherty20
jav : Jav-aniceday
chaim : J Chaim
toxic : Toxic_lfc
reginald : I Am Reginald
iceman : iceman153
gigi : *QGR*guiguiLALEE
ballistic : dj ballistic
mullman : Mu11man
len : lennc33
noisen : Noisen
bluetorch : bluetorch.hu
hornet : buzzhornet
armstrong : Armstrong182
nuesse : Thomas Nuesse
mascot : Masscot
elementer : lmntr
magical-one : magical-one
