Farmer	*%*	Adam Farmer	*%*	Farmer
Demeerjan	*%*	Ahmet Demircan	*%*	Demircan
Tockmack	*%*	Ahmet Tokmak	*%*	Tokmak
Peretti	*%*	Alessandro Peretti	*%*	Peretti
Reetchee	*%*	Alessio Ricci	*%*	Ricci
Hess	*%*	Alexander Hess	*%*	Hess
Surnarain	*%*	Amrish Seunarain	*%*	Seunarain
Crespi	*%*	Andrea Crespi	*%*	Crespi
Peverati	*%*	Andrea Peverati	*%*	Peverati
Abri-oo	*%*	Antonio Abreu	*%*	Abreu
Golda	*%*	Bjorn Golda	*%*	Golda
Wallace	*%*	Campbell Wallis	*%*	Wallis
Ivaldi	*%*	Carlo Ivaldi	*%*	Ivaldi
Barbosa	*%*	Carlos Barbosa	*%*	Barbosa
Santos	*%*	Carlos Santos	*%*	Santos
Go-mez	*%*	Celso Gomes	*%*	Gomes
Williamson	*%*	Chris Williamson	*%*	Williamson
Chestari	*%*	Claudio Cestari	*%*	Cestari
Chiriello	*%*	Corrado Ciriello	*%*	Ciriello
Woollard	*%*	Craig Woollard	*%*	Woollard
Riva	*%*	Christian Riva	*%*	Riva
Tulli	*%*	Daniele Tulli	*%*	Tulli
Canjoli	*%*	Fabio Cangioli	*%*	Cangioli
Scalet	*%*	Franco Scalet	*%*	Scalet
Crafford	*%*	Gerrit Crafford	*%*	Crafford
Bachmann	*%*	Harald Bachmann	*%*	Bachmann
Araoojoo	*%*	Hugo Araujo	*%*	Araujo
Keearini	*%*	Ivan Chiarini	*%*	Chiarini
Lotterman	*%*	Jacky Lotterman	*%*	Lotterman
Meer-Yallally	*%*	Jalal MirJalalli	*%*	MirJalalli
Price-Harper	*%*	James Price-Harper	*%*	Price-Harper
Talbot	*%*	Jeremy Talbot	*%*	Talbot
Brito	*%*	Joao Brito	*%*	Brito
Piccolo	*%*	Johnnj Piccolo	*%*	Piccolo
Alves	*%*	Jorge Alves	*%*	Alves
Anderson	*%*	Joshua Anderson	*%*	Anderson
Petrovsky	*%*	Karel Petrovsky	*%*	Petrovsky
Garassino	*%*	Lance Garassino	*%*	Garassino
Tortella	*%*	Lorenzo Tortella	*%*	Tortella
Latzarato	*%*	Luca Lazzarato	*%*	Lazzarato
Vurtz	*%*	Lucas Wirtz	*%*	Wirtz
Matzetti	*%*	Marco Mazzetti	*%*	Mazzetti
Henebury	*%*	Mark Henebury	*%*	Henebury
Soorhanack	*%*	Matej Surhanak	*%*	Surhanak
Cackmacklih	*%*	Melih Cakmakli	*%*	Cakmakli
Cabral	*%*	Miguel Cabral	*%*	Cabral
Pavlicheck	*%*	Miroslav Pavlicek	*%*	Pavlicek
Lopez	*%*	Nestor Lopez	*%*	Lopez
Dagostino	*%*	Nicola Dagostino	*%*	Dagostino
Gonzaga	*%*	Otelo Gonzaga	*%*	Gonzaga
Braganka	*%*	Pedro Braganca	*%*	Braganca
Lopes	*%*	Pedro Lopes	*%*	Lopes
Varmusska	*%*	Petr Varmuzka	*%*	Varmuzka
Rivera	*%*	Raul Ignacio Rivera	*%*	Rivera
Aleetta	*%*	Riccardo Alitta	*%*	Alitta
De Feeleepees	*%*	Roberto de Filippis	*%*	de Filippis
Pietrayfayza	*%*	Sebastian Pietrfesa	*%*	Pietrfesa
Azevaydo	*%*	Sergio Azevedo	*%*	Azevedo
Voy-tip-car	*%*	Stan Voytypka	*%*	Voytypka
Crab	*%*	Thomas Crabb	*%*	Crabb
La-chevre	*%*	Thomas Lachevre	*%*	Lachevre
Knoll	*%*	Tom Knoll	*%*	Knoll
Luté	*%*	Tomasz Luty	*%*	Luty
Mella	*%*	Tony Mella	*%*	Mella
Hazullya	*%*	Victor Gazulla	*%*	Gazulla
Silvera	*%*	William Silvera	*%*	Silvera
Tie-en (as in necktie)	*%*	Jarl Teien	*%*	Teien
Fá-tsi	*%*	Han Fazzi	*%*	Fazzi
Treveleean	*%*	John Trevelyan	*%*	Trevelyan
Aiyello	*%*	Marcelo Aiello	*%*	Aiello
Shtolt-ze	*%*	Kasper Stoltze	*%*	Stoltze
Naleppa	*%*	Krystian Nalepa	*%*	Nalepa
Ambus	*%*	Sten Ambus	*%*	Ambus
Bert	*%*	Marius Bert	*%*	Bert
OOlosstallo	*%*	Arttu Ylostalo	*%*	Ylostalo
Redshaw	*%*	Lewis Redshaw	*%*	Redshaw
Richards	*%*	Matt Richards	*%*	Richards
OOlhalday	*%*	Javier Ulgalde	*%*	Ulgalde
Lepootre	*%*	Mick Lepoutre	*%*	Lepoutre
Hansen	*%*	Julian Hansen	*%*	Hansen
Pardoe	*%*	Neal Pardoe	*%*	Pardoe
Cocks	*%*	Kevin Cox	*%*	Cox
Timpen	*%*	Rob Timpen	*%*	Timpen
Kish	*%*	Csaba Kiss	*%*	Kiss
Vinnari	*%*	Jari Vinnari	*%*	Vinnari
Doornbus	*%*	Jesse Doornbus	*%*	Doornbus
Lundvall	*%*	Linus Lundvall	*%*	Lundvall
Coratzari	*%*	Riccardo Corazzari	*%*	Corazzari
Yayovsky	*%*	Erhan Jajovski	*%*	Jajovski
Layvaseer	*%*	Erwin Levasier	*%*	Levasier
Bernwa	*%*	Quentin Benoit	*%*	Benoit
Lexo	*%*	Steven Lexow	*%*	Lexow
Stensnace	*%*	Joakim Stensnaes	*%*	Stensnaes
Borell	*%*	Kevin Borell	*%*	Borell
Bollvinkel	*%*	Tristan Bollwinkel	*%*	Bollwinkel
Indycar	*%*	Radek Indyka	*%*	Indyka
So-za	*%*	Jose Sousa	*%*	Sousa
Williams	*%*	Sam Williams	*%*	Williams
Danny	*%*	Krisztian Dani	*%*	Dani
Sparks	*%*	Leandre Sparks	*%*	Sparks
Lents	*%*	Marco Lenz	*%*	Lenz
Catherine	*%*	Isara Catherine	*%*	Catherine
Kelly	*%*	Annita Kelly	*%*	Kelly
Dollar	*%*	Brandon Dollar	*%*	Dollar
Carmichael	*%*	Sam Carmichael	*%*	Carmichael
Davis	*%*	Tryphon Davis	*%*	Davis
Mayor	*%*	Jeroen Meijer	*%*	Meijer
Peters	*%*	Kevin Peters	*%*	Peters
Kurtz	*%*	Florian Koetz	*%*	Koetz
Filipakos	*%*	Lazaros Filippakos	*%*	Filippakos