Farmer	*%*	Farmer	*%*	Adam Farmer
Demeerjan	*%*	Demircan	*%*	Ahmet Demircan
Tockmack	*%*	Tokmak	*%*	Ahmet Tokmak
Peretti	*%*	Peretti	*%*	Alessandro Peretti
Reetchee	*%*	Ricci	*%*	Alessio Ricci
Hess	*%*	Hess	*%*	Alexander Hess
Surnarain	*%*	Seunarain	*%*	Amrish Seunarain
Crespi	*%*	Crespi	*%*	Andrea Crespi
Peverati	*%*	Peverati	*%*	Andrea Peverati
Abri-oo	*%*	Abreu	*%*	Antonio Abreu
Golda	*%*	Golda	*%*	Bjorn Golda
Wallace	*%*	Wallis	*%*	Campbell Wallis
Ivaldi	*%*	Ivaldi	*%*	Carlo Ivaldi
Barbosa	*%*	Barbosa	*%*	Carlos Barbosa
Santos	*%*	Santos	*%*	Carlos Santos
Go-mez	*%*	Gomes	*%*	Celso Gomes
Williamson	*%*	Williamson	*%*	Chris Williamson
Chestari	*%*	Cestari	*%*	Claudio Cestari
Chiriello	*%*	Ciriello	*%*	Corrado Ciriello
Woollard	*%*	Woollard	*%*	Craig Woollard
Riva	*%*	Riva	*%*	Christian Riva
Tulli	*%*	Tulli	*%*	Daniele Tulli
Canjoli	*%*	Cangioli	*%*	Fabio Cangioli
Scalet	*%*	Scalet	*%*	Franco Scalet
Crafford	*%*	Crafford	*%*	Gerrit Crafford
Bachmann	*%*	Bachmann	*%*	Harald Bachmann
Araoojoo	*%*	Araujo	*%*	Hugo Araujo
Keearini	*%*	Chiarini	*%*	Ivan Chiarini
Lotterman	*%*	Lotterman	*%*	Jacky Lotterman
Meer-Yallally	*%*	MirJalalli	*%*	Jalal MirJalalli
Price-Harper	*%*	Price-Harper	*%*	James Price-Harper
Talbot	*%*	Talbot	*%*	Jeremy Talbot
Brito	*%*	Brito	*%*	Joao Brito
Piccolo	*%*	Piccolo	*%*	Johnnj Piccolo
Alves	*%*	Alves	*%*	Jorge Alves
Anderson	*%*	Anderson	*%*	Joshua Anderson
Petrovsky	*%*	Petrovsky	*%*	Karel Petrovsky
Garassino	*%*	Garassino	*%*	Lance Garassino
Tortella	*%*	Tortella	*%*	Lorenzo Tortella
Latzarato	*%*	Lazzarato	*%*	Luca Lazzarato
Vurtz	*%*	Wirtz	*%*	Lucas Wirtz
Matzetti	*%*	Mazzetti	*%*	Marco Mazzetti
Henebury	*%*	Henebury	*%*	Mark Henebury
Soorhanack	*%*	Surhanak	*%*	Matej Surhanak
Cackmacklih	*%*	Cakmakli	*%*	Melih Cakmakli
Cabral	*%*	Cabral	*%*	Miguel Cabral
Pavlicheck	*%*	Pavlicek	*%*	Miroslav Pavlicek
Lopez	*%*	Lopez	*%*	Nestor Lopez
Dagostino	*%*	Dagostino	*%*	Nicola Dagostino
Gonzaga	*%*	Gonzaga	*%*	Otelo Gonzaga
Braganka	*%*	Braganca	*%*	Pedro Braganca
Lopes	*%*	Lopes	*%*	Pedro Lopes
Varmusska	*%*	Varmuzka	*%*	Petr Varmuzka
Rivera	*%*	Rivera	*%*	Raul Ignacio Rivera
Aleetta	*%*	Alitta	*%*	Riccardo Alitta
De Feeleepees	*%*	de Filippis	*%*	Roberto de Filippis
Pietrayfayza	*%*	Pietrfesa	*%*	Sebastian Pietrfesa
Azevaydo	*%*	Azevedo	*%*	Sergio Azevedo
Voy-tip-car	*%*	Voytypka	*%*	Stan Voytypka
Crab	*%*	Crabb	*%*	Thomas Crabb
La-chevre	*%*	Lachevre	*%*	Thomas Lachevre
Knoll	*%*	Knoll	*%*	Tom Knoll
Luté	*%*	Luty	*%*	Tomasz Luty
Mella	*%*	Mella	*%*	Tony Mella
Hazullya	*%*	Gazulla	*%*	Victor Gazulla
Silvera	*%*	Silvera	*%*	William Silvera
Tie-en (as in necktie)	*%*	Teien	*%*	Jarl Teien
Fá-tsi	*%*	Fazzi	*%*	Han Fazzi
Treveleean	*%*	Trevelyan	*%*	John Trevelyan
Aiyello	*%*	Aiello	*%*	Marcelo Aiello
Shtolt-ze	*%*	Stoltze	*%*	Kasper Stoltze
Naleppa	*%*	Nalepa	*%*	Krystian Nalepa
Ambus	*%*	Ambus	*%*	Sten Ambus
Bert	*%*	Bert	*%*	Marius Bert
OOlosstallo	*%*	Ylostalo	*%*	Arttu Ylostalo
Redshaw	*%*	Redshaw	*%*	Lewis Redshaw
Richards	*%*	Richards	*%*	Matt Richards
OOlhalday	*%*	Ulgalde	*%*	Javier Ulgalde
Lepootre	*%*	Lepoutre	*%*	Mick Lepoutre
Hansen	*%*	Hansen	*%*	Julian Hansen
Pardoe	*%*	Pardoe	*%*	Neal Pardoe
Cocks	*%*	Cox	*%*	Kevin Cox
Timpen	*%*	Timpen	*%*	Rob Timpen
Kish	*%*	Kiss	*%*	Csaba Kiss
Vinnari	*%*	Vinnari	*%*	Jari Vinnari
Doornbus	*%*	Doornbus	*%*	Jesse Doornbus
Lundvall	*%*	Lundvall	*%*	Linus Lundvall
Coratzari	*%*	Corazzari	*%*	Riccardo Corazzari
Yayovsky	*%*	Jajovski	*%*	Erhan Jajovski
Layvaseer	*%*	Levasier	*%*	Erwin Levasier
Bernwa	*%*	Benoit	*%*	Quentin Benoit
Lexo	*%*	Lexow	*%*	Steven Lexow
Stensnace	*%*	Stensnaes	*%*	Joakim Stensnaes
Borell	*%*	Borell	*%*	Kevin Borell
Bollvinkel	*%*	Bollwinkel	*%*	Tristan Bollwinkel
Indycar	*%*	Indyka	*%*	Radek Indyka
So-za	*%*	Sousa	*%*	Jose Sousa
Williams	*%*	Williams	*%*	Sam Williams
Danny	*%*	Dani	*%*	Krisztian Dani
Sparks	*%*	Sparks	*%*	Leandre Sparks
Lents	*%*	Lenz	*%*	Marco Lenz
Catherine	*%*	Catherine	*%*	Isara Catherine
Kelly	*%*	Kelly	*%*	Annita Kelly
Dollar	*%*	Dollar	*%*	Brandon Dollar
Carmichael	*%*	Carmichael	*%*	Sam Carmichael
Davis	*%*	Davis	*%*	Tryphon Davis
Mayor	*%*	Meijer	*%*	Jeroen Meijer
Peters	*%*	Peters	*%*	Kevin Peters
Kurtz	*%*	Koetz	*%*	Florian Koetz
Filipakos	*%*	Filippakos	*%*	Lazaros Filippakos